embargo_max,count,median,min,25%,75%,max,mean,std,skew
False,250204,483.0,0,105.0,1296.0,8019,909.4631500695433,1107.920432910323,1.9571152461390795
True,37680,3.0,0,0.0,28.0,4375,111.28452760084926,449.5198053231756,6.57796428359348
