{
    "Cohort": 145996,
    "Number of patients": 145996.0,
    "% of cohort": 100.0,
    "Survival days, median": 820.0,
    "Survival years, median": 2.2465753424657535,
    "Dxy (full)": -0.06378788989279438,
    "bootstrap": {
        "Dxy": -0.06366112380426198,
        "Confidence interval low": -0.06388613277558575,
        "Confidence interval high": -0.0634361148329382,
        "confidence threshold %": 95.0,
        "bootstrap samples": 50
    }
}