embargo_max,count,median,min,25%,75%,max,mean,std,skew
False,250362,487.0,0,107.0,1297.0,8019,910.969703868798,1107.4568531715279,1.9569011215551964
True,37522,3.0,0,0.0,28.0,4375,111.59570385373914,450.425583154488,6.563859743463135
