embargo_max,count,median,min,25%,75%,max,mean,std,skew
False,139215,868.0,0,307.0,1688.0,8019,1147.7229034227632,1052.3812975940546,1.3691936849266961
True,6781,42.0,0,1.0,211.0,1637,206.2374281079487,354.41175820934967,2.1603725815970827
